﻿<?xml version="1.0" encoding="UTF-8"?>
<beans xmlns="http://www.springframework.org/schema/beans"
       xmlns:xsi="http://www.w3.org/2001/XMLSchema-instance"
       xmlns:p="http://www.springframework.org/schema/p"
       xsi:schemaLocation="http://www.springframework.org/schema/beans
        https://www.springframework.org/schema/beans/spring-beans.xsd">

    <!-- -------------------------------------set注入实验-------------------------------------- -->
    <!-- -------------------------------------set注入实验-------------------------------------- -->
    <!-- -------------------------------------set注入实验-------------------------------------- -->
    <!-- -------------------------------------set注入实验-------------------------------------- -->
    <bean id="userService" class="com.itheima.service.impl.UserServiceImpl">
        <!--3.将要注入的引用类型的变量通过property属性进行注入，对应的name是要注入的变量名，使用ref属性声明要注入的bean的id-->
        <property name="userDao" ref="userDao"/>
        <property name="num" value="666"/>
        <property name="version" value="itheima"/>
    </bean>

    <!--2.将要注入的资源声明为bean-->
    <bean id="userDao" class="com.itheima.dao.impl.UserDaoImpl"/>




    <!-- -------------------------------------构造器注入实验-------------------------------------- -->
    <!-- -------------------------------------构造器注入实验-------------------------------------- -->
    <!-- -------------------------------------构造器注入实验-------------------------------------- -->
    <!-- -------------------------------------构造器注入实验-------------------------------------- -->
    <bean id="userService" class="com.itheima.service.impl.UserServiceImpl">
        <property name="userDao" ref="userDao"/>
        <property name="num" value="666"/>
        <property name="version" value="itheima"/>
    </bean>

    <bean id="userDao" class="com.itheima.dao.impl.UserDaoImpl">
        <constructor-arg index="2" value="123"/>
        <constructor-arg index="1" value="root"/>
        <constructor-arg index="0" value="com.mysql.jdbc.Driver"/>
    </bean>




   <!-- -------------------------------------构造器注入顺序实验-------------------------------------- -->
   <!-- -------------------------------------构造器注入顺序实验-------------------------------------- -->
   <!-- -------------------------------------构造器注入顺序实验-------------------------------------- -->
   <!-- -------------------------------------构造器注入顺序实验-------------------------------------- -->
    <bean id="userService" class="com.itheima.service.impl.UserServiceImpl">
        <property name="userDao" ref="userDao"/>
        <property name="num" value="666"/>
        <property name="version" value="itheima"/>
    </bean>

    <bean id="userService" class="com.itheima.service.impl.UserServiceImpl">
        <!--使用构造方法进行set注入，需要保障注入的属性与bean中定义的属性一致-->
        <!--一致指顺序一致或类型一致或使用index解决该问题-->
        <constructor-arg name="userDao" ref="userDao"/>
        <constructor-arg name="num" value="666666"/>
        <constructor-arg name="version" value="itcast"/>
    </bean>

    <bean id="userDao" class="com.itheima.dao.impl.UserDaoImpl">
        <constructor-arg index="2" value="123"/>
        <constructor-arg index="1" value="root"/>
        <constructor-arg index="0" value="com.mysql.jdbc.Driver"/>
    </bean>




    <!-- -------------------------------------集合注入顺序实验-------------------------------------- -->
    <!-- -------------------------------------集合注入顺序实验-------------------------------------- -->
    <!-- -------------------------------------集合注入顺序实验-------------------------------------- -->
    <!-- -------------------------------------集合注入顺序实验-------------------------------------- -->
    <bean id="userService" class="com.itheima.service.impl.UserServiceImpl">
        <property name="userDao" ref="userDao"/>
        <property name="bookDao" ref="bookDao"/>
    </bean>

    <bean id="bookDao" class="com.itheima.dao.impl.BookDaoImpl">
        <property name="al">
            <list>
                <value>itheima</value>
                <value>66666</value>
            </list>
        </property>
        <property name="properties">
            <props>
                <prop key="name">itheima666</prop>
                <prop key="value">666666</prop>
            </props>
        </property>
        <property name="arr">
            <array>
                <value>123456</value>
                <value>66666</value>
            </array>
        </property>
        <property name="hs">
            <set>
                <value>itheima</value>
                <value>66666</value>
            </set>
        </property>
        <property name="hm">
            <map>
                <entry key="name" value="itheima66666"/>
                <entry key="value" value="6666666666"/>
            </map>
        </property>
    </bean>




    <!-- -------------------------------------p命名空间简化注入书写实验-------------------------------------- -->
    <!-- -------------------------------------p命名空间简化注入书写实验-------------------------------------- -->
    <!-- -------------------------------------p命名空间简化注入书写实验-------------------------------------- -->
    <!-- -------------------------------------p命名空间简化注入书写实验-------------------------------------- -->
    <bean
        id="userService"
        class="com.itheima.service.impl.UserServiceImpl"
        p:userDao-ref="userDao"
        p:bookDao-ref="bookDao"
        />




    <!-- -------------------------------------Spring EL表达式实验-------------------------------------- -->
    <!-- -------------------------------------Spring EL表达式实验-------------------------------------- -->
    <!-- -------------------------------------Spring EL表达式实验-------------------------------------- -->
    <!-- -------------------------------------Spring EL表达式实验-------------------------------------- -->
    <bean id="userService" class="com.itheima.service.impl.UserServiceImpl">
        <property name="userDao" value="#{userDao}"/>
        <property name="bookDao" value="#{bookDao}"/>
        <property name="num" value="#{666666666}"/>
        <property name="version" value="#{'itcast'}"/>
    </bean>


</beans>